{"v":"5.5.7","fr":29.9700012207031,"ip":0,"op":83.0000033806593,"w":1920,"h":1080,"nm":"Pre-comp 2","ddd":0,"assets":[],"fonts":{"list":[{"fName":"Quicksand-Bold","fFamily":"Quicksand","fStyle":"Bold","ascent":73.9990234375}]},"layers":[{"ddd":0,"ind":1,"ty":5,"nm":"3DOTS","sr":1,"ks":{"o":{"a":1,"k":[{"i":{"x":[0],"y":[1]},"o":{"x":[0.333],"y":[0]},"t":25,"s":[0]},{"t":88.0000035843135,"s":[100]}],"ix":11},"r":{"a":0,"k":0,"ix":10},"p":{"a":1,"k":[{"i":{"x":0,"y":1},"o":{"x":0.333,"y":0},"t":25,"s":[911.643,636.074,0],"to":[13,0,0],"ti":[-13,0,0]},{"t":88.0000035843135,"s":[989.643,636.074,0]}],"ix":2},"a":{"a":0,"k":[61.072,-11.418,0],"ix":1},"s":{"a":0,"k":[141,141,100],"ix":6}},"ao":0,"t":{"d":{"k":[{"s":{"s":36,"f":"Quicksand-Bold","t":"3DOTS","j":0,"tr":0,"lh":43.2,"ls":0,"fc":[0.145,0.167,0.173]},"t":0}]},"p":{},"m":{"g":1,"a":{"a":0,"k":[0,0],"ix":2}},"a":[]},"ip":0,"op":1798.00007323404,"st":0,"bm":0},{"ddd":0,"ind":2,"ty":4,"nm":"3","sr":1,"ks":{"o":{"a":0,"k":100,"ix":11},"r":{"a":1,"k":[{"i":{"x":[0],"y":[1]},"o":{"x":[1],"y":[0]},"t":9,"s":[360]},{"t":67.0000027289659,"s":[720]}],"ix":10},"p":{"a":0,"k":[992.706,562.215,0],"ix":2},"a":{"a":0,"k":[-132.399,69.011,0],"ix":1},"s":{"a":0,"k":[106,106,100],"ix":6}},"ao":0,"ef":[{"ty":21,"nm":"Fill","np":9,"mn":"ADBE Fill","ix":1,"en":1,"ef":[{"ty":10,"nm":"Fill Mask","mn":"ADBE Fill-0001","ix":1,"v":{"a":0,"k":0,"ix":1}},{"ty":7,"nm":"All Masks","mn":"ADBE Fill-0007","ix":2,"v":{"a":0,"k":0,"ix":2}},{"ty":2,"nm":"Color","mn":"ADBE Fill-0002","ix":3,"v":{"a":0,"k":[1,1,1,1],"ix":3}},{"ty":7,"nm":"Invert","mn":"ADBE Fill-0006","ix":4,"v":{"a":0,"k":0,"ix":4}},{"ty":0,"nm":"Horizontal Feather","mn":"ADBE Fill-0003","ix":5,"v":{"a":0,"k":0,"ix":5}},{"ty":0,"nm":"Vertical Feather","mn":"ADBE Fill-0004","ix":6,"v":{"a":0,"k":0,"ix":6}},{"ty":0,"nm":"Opacity","mn":"ADBE Fill-0005","ix":7,"v":{"a":0,"k":1,"ix":7}}]}],"shapes":[{"ty":"gr","it":[{"ind":0,"ty":"sh","ix":1,"ks":{"a":0,"k":{"i":[[0,0],[0,0],[0,0],[0,0],[0,0],[0,0],[-8,0.25],[27.75,-6.5],[0,0],[9,-18.5],[-14,46],[0,0],[0,0]],"o":[[0,0],[0,0],[0,0],[0,0],[0,0],[0,0],[19.75,0.5],[-27.75,6.5],[0,0],[17.25,18.25],[14,-46],[0,0],[0,0]],"v":[[-371.5,-227.5],[-463.5,-227.5],[-463.438,-203],[-408.25,-202.75],[-435.25,-172.75],[-435.25,-152],[-415,-152],[-411.5,-120],[-458.5,-130.75],[-469.75,-107.25],[-365.5,-123],[-402,-173.5],[-371.5,-208.5]],"c":true},"ix":2},"nm":"Path 1","mn":"ADBE Vector Shape - Group","hd":false},{"ty":"st","c":{"a":0,"k":[0.262744978362,0.658824008119,0.6,1],"ix":3},"o":{"a":0,"k":100,"ix":4},"w":{"a":0,"k":0,"ix":5},"lc":1,"lj":1,"ml":4,"bm":0,"nm":"Stroke 1","mn":"ADBE Vector Graphic - Stroke","hd":false},{"ty":"fl","c":{"a":0,"k":[0.176470992144,0.184313994763,0.207843002619,1],"ix":4},"o":{"a":0,"k":100,"ix":5},"r":1,"bm":0,"nm":"Fill 1","mn":"ADBE Vector Graphic - Fill","hd":false},{"ty":"tr","p":{"a":0,"k":[284,193],"ix":2},"a":{"a":0,"k":[0,0],"ix":1},"s":{"a":0,"k":[100,100],"ix":3},"r":{"a":0,"k":0,"ix":6},"o":{"a":0,"k":100,"ix":7},"sk":{"a":0,"k":0,"ix":4},"sa":{"a":0,"k":0,"ix":5},"nm":"Transform"}],"nm":"Shape 1","np":3,"cix":2,"bm":0,"ix":1,"mn":"ADBE Vector Group","hd":false}],"ip":0,"op":1798.00007323404,"st":0,"bm":0},{"ddd":0,"ind":3,"ty":4,"nm":"Shape Layer 1","sr":1,"ks":{"o":{"a":0,"k":100,"ix":11},"r":{"a":1,"k":[{"i":{"x":[0],"y":[1]},"o":{"x":[1],"y":[0]},"t":0,"s":[0]},{"t":56.0000022809268,"s":[360]}],"ix":10},"p":{"a":0,"k":[992.7,572.033,0],"ix":2},"a":{"a":0,"k":[-508.064,11.517,0],"ix":1},"s":{"a":0,"k":[123,123,100],"ix":6}},"ao":0,"ef":[{"ty":21,"nm":"Fill","np":9,"mn":"ADBE Fill","ix":1,"en":1,"ef":[{"ty":10,"nm":"Fill Mask","mn":"ADBE Fill-0001","ix":1,"v":{"a":0,"k":0,"ix":1}},{"ty":7,"nm":"All Masks","mn":"ADBE Fill-0007","ix":2,"v":{"a":0,"k":0,"ix":2}},{"ty":2,"nm":"Color","mn":"ADBE Fill-0002","ix":3,"v":{"a":0,"k":[0.258823543787,0.517647087574,0.96862745285,1],"ix":3}},{"ty":7,"nm":"Invert","mn":"ADBE Fill-0006","ix":4,"v":{"a":0,"k":0,"ix":4}},{"ty":0,"nm":"Horizontal Feather","mn":"ADBE Fill-0003","ix":5,"v":{"a":0,"k":0,"ix":5}},{"ty":0,"nm":"Vertical Feather","mn":"ADBE Fill-0004","ix":6,"v":{"a":0,"k":0,"ix":6}},{"ty":0,"nm":"Opacity","mn":"ADBE Fill-0005","ix":7,"v":{"a":0,"k":1,"ix":7}}]}],"shapes":[{"ty":"gr","it":[{"ty":"sr","sy":1,"d":1,"pt":{"a":0,"k":3,"ix":3},"p":{"a":0,"k":[0,0],"ix":4},"r":{"a":0,"k":0,"ix":5},"ir":{"a":0,"k":65.517,"ix":6},"is":{"a":0,"k":22,"ix":8},"or":{"a":0,"k":131.034,"ix":7},"os":{"a":0,"k":0,"ix":9},"ix":1,"nm":"Polystar Path 1","mn":"ADBE Vector Shape - Star","hd":false},{"ty":"st","c":{"a":0,"k":[0.262744978362,0.658824008119,0.6,1],"ix":3},"o":{"a":0,"k":100,"ix":4},"w":{"a":0,"k":0,"ix":5},"lc":1,"lj":1,"ml":4,"bm":0,"nm":"Stroke 1","mn":"ADBE Vector Graphic - Stroke","hd":false},{"ty":"fl","c":{"a":0,"k":[0.258823529412,0.517647058824,0.96862745098,1],"ix":4},"o":{"a":0,"k":100,"ix":5},"r":1,"bm":0,"nm":"Fill 1","mn":"ADBE Vector Graphic - Fill","hd":false},{"ty":"tr","p":{"a":0,"k":[-507,-54],"ix":2},"a":{"a":0,"k":[0,0],"ix":1},"s":{"a":0,"k":[100,100],"ix":3},"r":{"a":0,"k":0,"ix":6},"o":{"a":0,"k":100,"ix":7},"sk":{"a":0,"k":0,"ix":4},"sa":{"a":0,"k":0,"ix":5},"nm":"Transform"}],"nm":"Polystar 1","np":3,"cix":2,"bm":0,"ix":1,"mn":"ADBE Vector Group","hd":false},{"ty":"rd","nm":"Round Corners 1","r":{"a":0,"k":40,"ix":1},"ix":2,"mn":"ADBE Vector Filter - RC","hd":false}],"ip":0,"op":1798.00007323404,"st":0,"bm":0},{"ddd":0,"ind":4,"ty":1,"nm":"White Solid 3","sr":1,"ks":{"o":{"a":0,"k":100,"ix":11},"r":{"a":0,"k":0,"ix":10},"p":{"a":0,"k":[1001.921,486,0],"ix":2},"a":{"a":0,"k":[1001.921,486,0],"ix":1},"s":{"a":0,"k":[100,100,100],"ix":6}},"ao":0,"sw":1920,"sh":1080,"sc":"#ffffff","ip":-100.000004073084,"op":1698.00006916096,"st":-100.000004073084,"bm":0}],"markers":[],"chars":[{"ch":"3","size":36,"style":"Bold","w":52.2,"data":{"shapes":[{"ty":"gr","it":[{"ind":0,"ty":"sh","ix":1,"ks":{"a":0,"k":{"i":[[3.666,0.134],[0,0],[0,1.6],[1.066,1.1],[2,0],[0,0],[1.066,-1.033],[0,-1.533],[-1.067,-1.066],[-1.6,0],[0,0],[0,0],[0.333,-0.733],[0,-0.933],[-0.867,-1.033],[-1.467,0],[-1.734,0.534],[-1,0.267],[-1.334,0],[-2.167,-2],[0,-3.6],[1.166,-1.966],[1.866,-1.033],[2.066,0],[2.866,2.2],[1.333,0],[1.133,-1.333],[0,-1.6],[-2.467,-1.333],[-2.4,-0.6],[-2.4,0],[-4,1.933],[-2.2,3.634],[0,4.867],[1.533,3.234],[2.833,2]],"o":[[0,0],[1.6,-1.6],[0,-1.8],[-1.067,-1.1],[0,0],[-1.6,0],[-1.067,1.034],[0,1.6],[1.066,1.067],[0,0],[0,0],[-0.8,0.867],[-0.334,0.734],[0,1.534],[0.866,1.034],[1.133,0],[0.2,-0.066],[1,-0.266],[3.066,0],[2.166,2],[0,2.534],[-1.167,1.967],[-1.867,1.034],[-3.467,0],[-1.534,-1],[-1.6,0],[-1.134,1.334],[0,2.267],[1.8,1],[2.4,0.6],[5.333,0],[4,-1.933],[2.2,-3.633],[0,-3.666],[-1.534,-3.233],[-2.834,-2]],"v":[[29.6,-44.4],[43,-59.2],[45.4,-64],[43.8,-68.35],[39.2,-70],[8.6,-70],[4.6,-68.45],[3,-64.6],[4.6,-60.6],[8.6,-59],[28.4,-59],[12.9,-42.1],[11.2,-39.7],[10.7,-37.2],[12,-33.35],[15.5,-31.8],[19.8,-32.6],[21.6,-33.1],[25.1,-33.5],[32.95,-30.5],[36.2,-22.1],[34.45,-15.35],[29.9,-10.85],[24,-9.3],[14.5,-12.6],[10.2,-14.1],[6.1,-12.1],[4.4,-7.7],[8.1,-2.3],[14.4,0.1],[21.6,1],[35.6,-1.9],[44.9,-10.25],[48.2,-23],[45.9,-33.35],[39.35,-41.2]],"c":true},"ix":2},"nm":"3","mn":"ADBE Vector Shape - Group","hd":false}],"nm":"3","np":3,"cix":2,"bm":0,"ix":1,"mn":"ADBE Vector Group","hd":false}]},"fFamily":"Quicksand"},{"ch":"D","size":36,"style":"Bold","w":71.5,"data":{"shapes":[{"ty":"gr","it":[{"ind":0,"ty":"sh","ix":1,"ks":{"a":0,"k":{"i":[[6.266,0],[0,0],[1.166,-1.166],[0,-1.733],[0,0],[-1.167,-1.166],[-1.734,0],[0,0],[-4.5,3.1],[-2.367,5.3],[0,6.534],[2.366,5.3],[4.5,3.1]],"o":[[0,0],[-1.734,0],[-1.167,1.167],[0,0],[0,1.734],[1.166,1.167],[0,0],[6.266,0],[4.5,-3.1],[2.366,-5.3],[0,-6.533],[-2.367,-5.3],[-4.5,-3.1]],"v":[[37.5,-70],[13.6,-70],[9.25,-68.25],[7.5,-63.9],[7.5,-6.1],[9.25,-1.75],[13.6,0],[37.5,0],[53.65,-4.65],[63.95,-17.25],[67.5,-35],[63.95,-52.75],[53.65,-65.35]],"c":true},"ix":2},"nm":"D","mn":"ADBE Vector Shape - Group","hd":false},{"ind":1,"ty":"sh","ix":2,"ks":{"a":0,"k":{"i":[[6,0],[0,0],[0,0],[0,0],[-3.034,-4.433],[0,-6.8],[3,-4.433]],"o":[[0,0],[0,0],[0,0],[5.933,0],[3.033,4.434],[0,6.8],[-3,4.434]],"v":[[36.5,-11.5],[20,-11.5],[20,-58.5],[36.5,-58.5],[49.95,-51.85],[54.5,-35],[50,-18.15]],"c":true},"ix":2},"nm":"D","mn":"ADBE Vector Shape - Group","hd":false}],"nm":"D","np":5,"cix":2,"bm":0,"ix":1,"mn":"ADBE Vector Group","hd":false}]},"fFamily":"Quicksand"},{"ch":"O","size":36,"style":"Bold","w":75.9,"data":{"shapes":[{"ty":"gr","it":[{"ind":0,"ty":"sh","ix":1,"ks":{"a":0,"k":{"i":[[0,6.6],[2.933,5.5],[5.166,3.2],[6.466,0],[5.166,-3.2],[2.9,-5.5],[0,-6.6],[-2.9,-5.5],[-5.167,-3.2],[-6.467,0],[-5.167,3.2],[-2.934,5.5]],"o":[[0,-6.6],[-2.934,-5.5],[-5.167,-3.2],[-6.467,0],[-5.167,3.2],[-2.9,5.5],[0,6.6],[2.9,5.5],[5.166,3.2],[6.466,0],[5.166,-3.2],[2.933,-5.5]],"v":[[71.9,-35],[67.5,-53.15],[55.35,-66.2],[37.9,-71],[20.45,-66.2],[8.35,-53.15],[4,-35],[8.35,-16.85],[20.45,-3.8],[37.9,1],[55.35,-3.8],[67.5,-16.85]],"c":true},"ix":2},"nm":"O","mn":"ADBE Vector Shape - Group","hd":false},{"ind":1,"ty":"sh","ix":2,"ks":{"a":0,"k":{"i":[[0,-4.466],[1.8,-3.633],[3.2,-2.133],[4,0],[3.166,2.1],[1.766,3.667],[0,4.467],[-1.767,3.667],[-3.167,2.1],[-4.067,0],[-3.2,-2.133],[-1.8,-3.633]],"o":[[0,4.467],[-1.8,3.634],[-3.2,2.134],[-4.067,0],[-3.167,-2.1],[-1.767,-3.666],[0,-4.466],[1.766,-3.666],[3.166,-2.1],[4,0],[3.2,2.134],[1.8,3.634]],"v":[[58.9,-35],[56.2,-22.85],[48.7,-14.2],[37.9,-11],[27.05,-14.15],[19.65,-22.8],[17,-35],[19.65,-47.2],[27.05,-55.85],[37.9,-59],[48.7,-55.8],[56.2,-47.15]],"c":true},"ix":2},"nm":"O","mn":"ADBE Vector Shape - Group","hd":false}],"nm":"O","np":5,"cix":2,"bm":0,"ix":1,"mn":"ADBE Vector Group","hd":false}]},"fFamily":"Quicksand"},{"ch":"T","size":36,"style":"Bold","w":65.6,"data":{"shapes":[{"ty":"gr","it":[{"ind":0,"ty":"sh","ix":1,"ks":{"a":0,"k":{"i":[[1.8,0],[0,0],[1.166,-1.066],[0,-1.666],[-1.134,-1.066],[-1.8,0],[0,0],[0,0],[-1.2,-1.166],[-1.867,0],[-1.267,1.167],[0,1.734],[0,0],[0,0],[-1.134,1.034],[0,1.734],[1.133,1.067]],"o":[[0,0],[-1.734,0],[-1.167,1.067],[0,1.734],[1.133,1.067],[0,0],[0,0],[0,1.734],[1.2,1.167],[1.866,0],[1.266,-1.166],[0,0],[0,0],[1.8,0],[1.133,-1.033],[0,-1.733],[-1.134,-1.066]],"v":[[53.5,-70],[9.1,-70],[4.75,-68.4],[3,-64.3],[4.7,-60.1],[9.1,-58.5],[24.8,-58.5],[24.8,-6.1],[26.6,-1.75],[31.2,0],[35.9,-1.75],[37.8,-6.1],[37.8,-58.5],[53.5,-58.5],[57.9,-60.05],[59.6,-64.2],[57.9,-68.4]],"c":true},"ix":2},"nm":"T","mn":"ADBE Vector Shape - Group","hd":false}],"nm":"T","np":3,"cix":2,"bm":0,"ix":1,"mn":"ADBE Vector Group","hd":false}]},"fFamily":"Quicksand"},{"ch":"S","size":36,"style":"Bold","w":59.7,"data":{"shapes":[{"ty":"gr","it":[{"ind":0,"ty":"sh","ix":1,"ks":{"a":0,"k":{"i":[[-4.8,0],[-3.934,1.7],[-2.367,3.167],[0,4.2],[1.733,2.7],[3.433,1.567],[5.733,1],[2.366,1.467],[0,2.867],[-2.3,1.567],[-4.2,0],[-3.1,-1.166],[-1.734,-1.4],[-1,0],[-1.134,1.167],[0,1.534],[1.933,1.534],[3.7,1.267],[4.2,0],[3.8,-1.633],[2.2,-3.1],[0,-4.2],[-14.6,-2.133],[-2.667,-1.7],[0,-3],[2.7,-1.666],[3.733,0],[2.533,1],[2.666,2.2],[1.266,0],[1.133,-1.166],[0,-1.533],[-1.8,-1.6],[-3.734,-1.2]],"o":[[4.533,0],[3.933,-1.7],[2.366,-3.166],[0,-4.466],[-1.734,-2.7],[-3.434,-1.566],[-5.067,-0.933],[-2.367,-1.466],[0,-2.533],[2.3,-1.566],[2.466,0],[3.1,1.167],[0.8,0.6],[1.533,0],[1.133,-1.166],[0,-2],[-2.467,-2.066],[-3.7,-1.266],[-4.667,0],[-3.8,1.634],[-2.2,3.1],[0,11.467],[5.8,0.867],[2.666,1.7],[0,2.467],[-2.7,1.667],[-3.467,0],[-2.534,-1],[-1,-0.8],[-1.6,0],[-1.134,1.167],[0,1.934],[3.266,2.867],[3.733,1.2]],"v":[[30,1],[42.7,-1.55],[52.15,-8.85],[55.7,-19.9],[53.1,-30.65],[45.35,-37.05],[31.6,-40.9],[20.45,-44.5],[16.9,-51],[20.35,-57.15],[30.1,-59.5],[38.45,-57.75],[45.7,-53.9],[48.4,-53],[52.4,-54.75],[54.1,-58.8],[51.2,-64.1],[41.95,-69.1],[30.1,-71],[17.4,-68.55],[8.4,-61.45],[5.1,-50.5],[27,-30.1],[39.7,-26.25],[43.7,-19.2],[39.65,-13],[30,-10.5],[21,-12],[13.2,-16.8],[9.8,-18],[5.7,-16.25],[4,-12.2],[6.7,-6.9],[17.2,-0.8]],"c":true},"ix":2},"nm":"S","mn":"ADBE Vector Shape - Group","hd":false}],"nm":"S","np":3,"cix":2,"bm":0,"ix":1,"mn":"ADBE Vector Group","hd":false}]},"fFamily":"Quicksand"}]}